Filename,Predicted_Class
normal (1).png,normal
normal (10).png,normal
normal (100).png,benign
normal (101).png,normal
normal (102).png,benign
normal (103).png,normal
normal (104).png,normal
normal (105).png,normal
normal (106).png,normal
normal (107).png,normal
normal (108).png,normal
normal (109).png,normal
normal (11).png,benign
normal (110).png,normal
normal (111).png,benign
normal (112).png,normal
normal (113).png,benign
normal (114).png,normal
normal (115).png,normal
normal (116).png,malignant
normal (117).png,malignant
normal (118).png,benign
normal (119).png,normal
normal (12).png,benign
normal (120).png,benign
normal (121).png,benign
normal (122).png,benign
normal (123).png,normal
normal (124).png,normal
normal (125).png,normal
normal (126).png,benign
normal (127).png,benign
normal (128).png,normal
normal (129).png,normal
normal (13).png,benign
normal (130).png,normal
normal (131).png,normal
normal (132).png,benign
normal (133).png,normal
normal (14).png,benign
normal (15).png,benign
normal (16).png,benign
normal (17).png,normal
normal (18).png,normal
normal (19).png,malignant
normal (2).png,normal
normal (20).png,benign
normal (21).png,normal
normal (22).png,normal
normal (23).png,normal
normal (24).png,normal
normal (25).png,malignant
normal (26).png,benign
normal (27).png,normal
normal (28).png,malignant
normal (29).png,normal
normal (3).png,normal
normal (30).png,normal
normal (31).png,benign
normal (32).png,benign
normal (33).png,benign
normal (34).png,normal
normal (35).png,normal
normal (36).png,malignant
normal (37).png,normal
normal (38).png,normal
normal (39).png,benign
normal (4).png,benign
normal (40).png,benign
normal (41).png,normal
normal (42).png,normal
normal (43).png,normal
normal (44).png,normal
normal (45).png,normal
normal (46).png,benign
normal (47).png,normal
normal (48).png,benign
normal (49).png,normal
normal (5).png,benign
normal (50).png,normal
normal (51).png,normal
normal (52).png,normal
normal (53).png,normal
normal (54).png,normal
normal (55).png,normal
normal (56).png,normal
normal (57).png,normal
normal (58).png,normal
normal (59).png,benign
normal (6).png,benign
normal (60).png,normal
normal (61).png,normal
normal (62).png,benign
normal (63).png,normal
normal (64).png,normal
normal (65).png,malignant
normal (66).png,benign
normal (67).png,normal
normal (68).png,normal
normal (69).png,normal
normal (7).png,normal
normal (70).png,normal
normal (71).png,normal
normal (72).png,normal
normal (73).png,normal
normal (74).png,malignant
normal (75).png,malignant
normal (76).png,normal
normal (77).png,normal
normal (78).png,normal
normal (79).png,benign
normal (8).png,normal
normal (80).png,benign
normal (81).png,normal
normal (82).png,benign
normal (83).png,benign
normal (84).png,benign
normal (85).png,normal
normal (86).png,normal
normal (87).png,normal
normal (88).png,normal
normal (89).png,normal
normal (9).png,normal
normal (90).png,normal
normal (91).png,normal
normal (92).png,normal
normal (93).png,malignant
normal (94).png,benign
normal (95).png,normal
normal (96).png,benign
normal (97).png,normal
normal (98).png,normal
normal (99).png,normal
